credit_score,loan_amount_usd,loan_term_years,vehicle_type,down_payment_percentage,interest_rate
717,19466,5,Used,0.24,8.16
668,25979,7,Used,0.08,10.22
661,69659,6,Used,0.29,9.27
640,29185,4,New,0.23,8.87
762,59553,7,Used,0.21,7.83
820,56240,7,Used,0.07,6.8
637,52568,3,Used,0.09,9.71
794,46301,4,Used,0.15,6.6
661,15940,3,New,0.25,8.33
733,43918,7,New,0.21,7.97
660,32530,7,New,0.17,9.43
690,39848,6,New,0.11,9.25
726,62845,4,Used,0.26,7.75
730,61702,5,Used,0.09,8.28
662,62960,3,New,0.22,8.25
698,37924,3,Used,0.1,8.2
739,48711,4,Used,0.17,7.64
844,58029,3,New,0.16,4.97
608,21216,4,New,0.22,9.75
624,23161,5,Used,0.24,10.08
647,47056,3,New,0.21,8.24
610,12489,5,New,0.11,10.13
683,35069,7,New,0.15,8.9
844,30202,4,Used,0.18,5.54
773,27719,4,New,0.24,6.39
743,36455,6,New,0.15,7.44
600,23025,3,Used,0.24,10.13
778,74128,6,Used,0.16,7.37
679,22922,5,Used,0.17,8.79
666,18021,3,New,0.22,8.15
624,29700,6,New,0.29,9.67
822,12768,5,Used,0.14,6.31
825,38484,7,New,0.28,6.03
623,66964,7,New,0.09,10.15
828,10333,5,New,0.11,6.05
745,13532,5,New,0.23,6.83
811,49707,3,New,0.18,5.69
702,49545,6,Used,0.27,8.75
639,24819,3,Used,0.08,9.79
705,45327,3,New,0.27,7.34
674,19382,3,Used,0.23,8.44
846,57497,7,New,0.3,5.56
820,68904,3,New,0.11,5.4
796,16830,6,Used,0.15,7.12
600,31271,6,New,0.09,10.27
841,57219,4,New,0.27,4.93
850,74964,7,Used,0.23,6.16
667,48291,4,New,0.08,9.01
785,22872,3,New,0.18,6.46
655,73508,3,New,0.29,8.26
646,47281,5,Used,0.1,9.83
847,10255,4,Used,0.06,6.06
602,49404,3,Used,0.06,10.49
844,39008,4,New,0.26,4.95
619,68904,3,New,0.06,9.64
749,35670,4,Used,0.14,7.6
740,66777,6,New,0.27,7.35
607,64376,5,New,0.29,9.82
607,36258,5,New,0.26,9.78
603,60757,6,New,0.29,10.21
687,40551,6,New,0.25,8.25
700,70561,4,Used,0.2,7.97
644,72214,5,Used,0.09,10.15
833,51554,6,New,0.06,6.0
827,68234,6,Used,0.23,6.33
655,38895,6,Used,0.2,9.76
704,14842,3,Used,0.25,7.9
728,65561,7,New,0.07,8.22
839,45989,4,Used,0.12,5.39
760,28851,7,Used,0.11,8.36
834,34722,3,Used,0.18,5.48
828,27418,7,New,0.13,5.89
771,49339,6,New,0.06,7.2
709,17585,4,Used,0.29,8.14
772,50273,6,New,0.25,7.23
837,10476,7,New,0.2,6.21
792,53363,7,New,0.1,6.9
701,61300,3,Used,0.26,8.32
830,13651,4,Used,0.28,5.85
621,33954,5,New,0.15,9.95
842,27312,3,New,0.2,4.91
634,67367,3,Used,0.22,9.38
714,35588,4,Used,0.14,8.03
773,55705,5,Used,0.2,7.53
798,38526,3,Used,0.09,6.6
689,53748,5,Used,0.15,8.91
706,50716,4,New,0.16,8.04
787,24036,6,New,0.08,6.8
815,29022,5,Used,0.14,6.77
608,37920,4,Used,0.17,10.07
848,61476,5,Used,0.23,5.75
767,20633,4,New,0.15,6.24
830,46312,7,Used,0.18,6.4
605,27474,6,New,0.14,10.54
841,24870,6,Used,0.12,6.17
705,71007,3,New,0.14,7.79
782,27552,3,Used,0.26,5.99
753,67688,3,New,0.09,7.01
623,23438,5,Used,0.05,10.68
687,61758,7,Used,0.12,9.79
824,56796,4,New,0.29,4.98
630,24184,6,Used,0.2,10.36
709,11024,3,Used,0.27,7.64
666,24651,6,Used,0.11,9.98
771,57547,3,New,0.13,6.28
829,40821,7,New,0.08,6.22
688,43162,7,Used,0.16,9.63
648,23632,5,New,0.12,9.24
741,64305,6,Used,0.14,7.95
602,27796,6,New,0.15,10.64
801,73666,3,Used,0.28,5.84
666,22884,7,Used,0.09,9.73
728,48023,7,New,0.3,7.92
639,26654,3,New,0.13,9.28
625,25284,6,New,0.18,9.76
649,65829,3,Used,0.26,8.98
733,27023,3,New,0.23,6.49
751,39899,4,New,0.18,6.73
726,25112,3,Used,0.12,7.83
700,65327,6,Used,0.26,8.54
800,33741,5,Used,0.12,6.55
625,28428,4,New,0.2,9.4
626,22455,3,Used,0.14,9.75
667,15203,7,Used,0.08,9.78
782,15772,3,New,0.23,6.11
689,35818,7,Used,0.19,9.77
766,60488,5,New,0.17,6.79
751,51496,3,Used,0.15,7.14
628,62926,6,New,0.2,9.66
733,13653,4,Used,0.13,8.04
637,72753,7,New,0.25,9.81
845,20354,5,Used,0.15,6.21
709,12031,5,New,0.09,8.28
772,65532,6,Used,0.06,8.18
630,56771,6,New,0.05,10.04
678,19924,5,Used,0.24,8.78
667,63762,4,New,0.24,8.47
761,56623,6,New,0.07,7.21
613,72380,7,New,0.23,10.15
831,60842,3,New,0.17,4.9
696,53860,5,Used,0.11,8.12
710,47116,6,New,0.28,7.89
810,41710,7,New,0.3,6.15
786,43403,4,New,0.17,6.12
633,38741,6,Used,0.27,10.0
734,66191,7,New,0.06,8.31
672,23888,7,Used,0.26,9.8
646,74235,5,New,0.25,8.83
799,55615,4,New,0.08,6.45
742,65554,7,Used,0.11,8.55
807,53714,3,New,0.14,5.53
777,64605,4,New,0.22,6.23
685,13635,5,New,0.09,8.66
691,17970,3,Used,0.24,8.02
638,39105,6,New,0.2,9.65
611,67359,6,Used,0.28,11.01
770,68498,6,New,0.11,7.01
709,10923,5,New,0.23,8.01
627,55721,3,New,0.08,9.05
801,18529,7,Used,0.08,6.86
717,41626,6,Used,0.3,8.71
805,71591,4,New,0.18,5.57
778,39738,7,Used,0.08,7.7
796,24484,7,New,0.29,6.58
820,10069,7,Used,0.08,6.76
722,49901,3,New,0.12,7.42
642,20802,5,New,0.17,9.38
622,18604,5,New,0.27,9.41
713,11814,6,Used,0.11,8.55
752,39671,3,New,0.13,6.48
813,25503,7,New,0.06,6.75
632,17866,4,New,0.18,9.22
787,55975,7,New,0.13,7.08
646,12318,7,New,0.13,9.46
609,59379,7,Used,0.27,10.46
789,63766,5,New,0.17,6.25
629,10199,7,Used,0.13,10.84
705,11066,4,Used,0.29,8.17
762,11029,4,New,0.19,6.64
750,59788,5,New,0.29,6.64
763,48484,5,New,0.26,6.67
690,42379,5,Used,0.29,8.49
718,29173,3,New,0.22,7.06
683,53998,7,New,0.14,8.77
673,17665,7,New,0.14,9.24
734,69896,4,New,0.06,7.58
679,69587,5,New,0.15,8.46
682,14732,4,New,0.14,8.6
849,18570,3,New,0.22,4.62
815,13049,7,Used,0.09,6.63
795,45989,6,Used,0.26,6.73
728,18160,5,Used,0.12,8.37
742,19720,4,Used,0.27,7.38
838,22299,5,New,0.17,5.38
749,71380,5,New,0.11,7.5
739,64147,6,Used,0.08,8.2
689,71823,7,New,0.09,8.65
741,68423,7,New,0.15,7.56
617,48993,6,New,0.2,10.22
804,74676,3,New,0.09,5.74
628,20181,7,New,0.06,10.45
810,62361,4,New,0.18,5.59
646,55440,7,Used,0.24,10.03
846,19889,5,New,0.11,5.37
732,47820,4,New,0.09,7.49
756,29973,3,New,0.29,6.34
667,11817,4,New,0.25,8.2
610,23859,7,Used,0.27,10.74
811,63740,6,New,0.1,6.14
771,32461,6,Used,0.09,7.98
697,40270,3,New,0.13,7.8
648,13643,5,New,0.17,9.38
674,58268,4,Used,0.25,8.47
831,66356,6,New,0.2,6.01
837,63150,3,New,0.16,4.8
801,68597,5,Used,0.12,6.76
698,12384,7,Used,0.15,9.5
678,45337,4,New,0.15,8.3
812,72817,3,New,0.26,5.42
796,72493,3,New,0.08,5.88
616,73242,3,New,0.11,9.56
813,59814,5,New,0.1,6.05
724,36255,7,New,0.21,8.07
608,19418,4,New,0.24,9.45
806,61739,7,Used,0.24,6.95
770,14509,3,Used,0.25,6.36
778,37571,7,Used,0.13,7.38
787,39812,6,Used,0.28,7.03
704,38447,4,New,0.11,7.54
706,26229,3,Used,0.2,7.97
685,32878,6,New,0.2,8.6
808,72831,4,Used,0.18,6.24
647,50823,7,Used,0.15,10.44
734,27530,4,New,0.13,7.73
793,53835,7,New,0.25,6.8
660,71947,4,Used,0.26,9.3
674,41487,3,New,0.17,8.1
689,14373,3,New,0.18,7.76
720,43741,3,Used,0.28,7.64
650,59737,7,New,0.27,9.69
607,44374,6,Used,0.24,10.71
702,41732,7,New,0.14,8.9
792,29481,4,Used,0.15,6.63
624,73754,5,Used,0.07,10.36
740,29809,7,New,0.22,7.78
662,56396,4,New,0.19,8.48
833,69845,3,New,0.25,4.92
648,26284,4,Used,0.05,9.59
804,54679,7,New,0.09,6.93
673,22470,6,New,0.16,8.54
841,50058,7,New,0.28,6.15
708,47660,7,New,0.07,8.79
777,26432,4,New,0.19,6.39
850,29842,6,New,0.17,5.59
803,65173,6,Used,0.28,6.22
681,44114,7,New,0.08,9.42
636,14496,6,Used,0.23,10.43
821,16615,3,New,0.17,5.16
708,16755,5,New,0.14,8.06
660,48748,7,New,0.25,9.28
802,69846,3,Used,0.17,6.08
625,49477,6,Used,0.21,10.39
612,18245,7,Used,0.2,10.75
679,42700,6,New,0.23,8.48
654,17557,7,Used,0.23,9.69
742,10847,4,New,0.19,7.19
781,64916,3,Used,0.07,6.76
715,40281,5,New,0.18,8.01
648,59671,5,Used,0.16,9.67
848,20395,5,New,0.06,5.33
613,51187,4,New,0.27,9.36
816,25735,5,Used,0.26,6.02
681,57572,4,New,0.25,8.58
687,12268,6,New,0.2,8.81
835,19665,3,Used,0.06,5.5
784,64099,7,Used,0.27,7.32
719,72546,5,New,0.23,7.38
815,33095,5,Used,0.18,6.29
666,48743,4,New,0.06,8.92
770,44294,7,Used,0.13,7.87
830,17274,3,New,0.25,4.58
758,59525,6,New,0.14,7.17
628,63568,4,Used,0.26,9.46
801,45727,3,New,0.22,5.72
823,74499,7,New,0.25,5.91
834,44229,5,New,0.24,5.45
673,15945,4,New,0.14,8.24
795,53330,3,Used,0.09,6.46
644,54559,5,New,0.17,9.46
652,12706,4,Used,0.2,9.64
827,71497,4,Used,0.21,5.69
785,65502,4,Used,0.05,7.18
610,45064,5,New,0.28,9.72
632,40140,7,New,0.27,9.89
629,63543,6,Used,0.29,9.83
632,62278,5,New,0.23,9.16
672,49488,6,New,0.23,8.7
780,52782,6,Used,0.08,7.45
738,50824,4,Used,0.26,7.43
749,71336,6,Used,0.06,8.12
685,45234,5,New,0.17,8.54
708,64637,5,New,0.18,7.89
706,52925,3,New,0.06,7.69
620,12864,6,Used,0.25,10.24
816,55270,3,Used,0.3,5.46
813,55905,5,Used,0.07,6.67
724,63060,4,New,0.27,7.48
604,31133,7,New,0.27,10.28
673,71362,6,Used,0.15,9.41
721,27367,3,New,0.18,7.18
672,38323,5,New,0.08,9.0
687,63085,6,New,0.24,8.57
619,49531,3,New,0.17,9.68
788,65532,3,New,0.22,5.73
732,64768,3,New,0.11,7.19
778,56435,6,New,0.17,6.94
779,65081,3,Used,0.12,6.42
849,64054,6,Used,0.23,5.6
828,24080,3,Used,0.1,5.6
841,31169,6,Used,0.17,5.93
621,62577,6,New,0.08,9.79
790,44734,5,Used,0.25,6.77
790,56460,4,New,0.19,6.19
804,55649,4,Used,0.15,6.4
699,60245,6,New,0.11,8.92
769,17359,7,Used,0.26,7.34
697,15331,5,Used,0.24,8.63
710,34257,3,New,0.27,7.24
620,30166,4,Used,0.25,9.79
648,58358,5,Used,0.29,9.58
653,13680,3,New,0.2,8.74
601,42661,3,Used,0.22,9.95
725,72560,5,Used,0.16,8.31
719,26325,4,New,0.16,7.72
836,68083,3,New,0.1,5.42
740,69668,6,New,0.28,7.48
631,70806,4,New,0.08,9.74
714,49435,6,New,0.06,8.08
618,43438,7,New,0.27,10.26
742,27101,6,New,0.12,7.83
611,64645,3,Used,0.18,9.9
610,51656,4,Used,0.09,10.62
741,18325,4,Used,0.16,7.38
712,66303,3,Used,0.11,7.73
755,50605,4,New,0.17,7.15
662,19291,7,Used,0.3,9.68
835,50555,6,New,0.18,5.77
756,16318,7,New,0.13,7.85
618,28732,7,New,0.07,10.48
694,43447,7,New,0.3,8.49
787,19171,5,New,0.29,6.35
705,33254,4,Used,0.19,8.13
761,20691,4,New,0.3,6.23
777,26765,6,Used,0.21,7.39
600,44157,3,Used,0.28,9.97
673,35839,7,New,0.24,9.09
795,48660,6,New,0.12,6.56
655,23321,6,Used,0.26,9.47
823,21151,4,New,0.18,5.29
848,51977,7,Used,0.07,6.29
739,45954,3,Used,0.14,7.71
646,34924,3,New,0.23,8.79
760,15797,6,New,0.26,7.38
777,17523,4,Used,0.29,6.51
718,65030,6,New,0.08,8.24
687,52468,7,Used,0.23,9.59
694,22104,4,New,0.18,8.31
734,42827,3,New,0.18,7.06
741,72016,4,Used,0.24,7.56
692,27822,5,New,0.16,8.56
736,61780,7,New,0.27,7.45
638,53984,3,Used,0.29,9.07
742,10877,6,Used,0.2,7.91
669,23946,3,New,0.11,8.51
678,37456,6,New,0.08,9.14
600,19992,5,Used,0.17,10.72
712,49197,7,New,0.14,8.6
774,54150,5,New,0.11,6.62
600,66721,7,Used,0.29,11.08
621,21915,7,Used,0.1,10.61
698,70196,7,Used,0.13,9.32
701,12961,7,New,0.17,8.69
833,48163,4,New,0.19,5.45
656,52943,6,Used,0.09,9.7
671,58217,6,New,0.28,8.56
798,40125,7,Used,0.15,7.28
810,10597,4,Used,0.13,6.26
711,31083,6,Used,0.18,8.88
718,31990,5,New,0.24,7.54
769,31856,6,Used,0.24,7.4
625,51374,3,New,0.06,8.9
600,49373,4,New,0.28,9.61
600,17903,5,Used,0.22,10.78
850,55839,3,New,0.27,4.25
815,48718,7,Used,0.18,6.68
614,59969,3,New,0.15,9.25
847,19320,6,Used,0.13,6.13
761,29621,7,New,0.06,7.55
806,27597,4,Used,0.07,6.23
753,65677,5,New,0.29,6.93
777,29807,3,Used,0.2,6.51
631,74342,4,Used,0.28,9.23
752,22782,4,Used,0.08,7.81
837,10385,3,New,0.21,4.51
721,42048,5,New,0.06,7.8
702,39938,3,Used,0.16,8.3
748,62977,3,New,0.29,6.37
747,15011,7,New,0.29,7.36
810,20309,5,New,0.19,5.86
712,68479,5,Used,0.22,8.07
832,36994,6,New,0.2,5.48
615,48249,5,New,0.18,9.62
823,57704,6,Used,0.28,6.2
845,20293,3,Used,0.12,5.43
663,44798,3,New,0.18,8.34
844,25300,5,New,0.19,5.55
624,21292,5,Used,0.24,10.27
653,39059,6,Used,0.13,9.9
753,12380,5,New,0.19,6.78
723,66948,6,Used,0.23,8.16
633,18747,3,Used,0.18,9.45
831,49885,5,Used,0.19,6.06
640,70398,5,New,0.12,9.53
651,31501,3,New,0.1,8.66
711,29383,5,New,0.24,7.63
754,20154,6,New,0.18,7.38
639,39752,4,Used,0.06,10.18
681,63518,5,Used,0.17,9.13
850,57787,3,New,0.22,4.53
612,31434,3,New,0.17,9.25
734,14048,3,Used,0.14,7.41
783,40862,6,New,0.16,7.04
676,71641,4,New,0.19,8.18
813,46900,3,Used,0.23,5.5
612,34398,6,New,0.28,9.93
832,32484,3,New,0.25,4.78
807,45869,6,Used,0.24,6.62
693,57989,5,New,0.09,8.91
782,56887,5,New,0.14,6.33
770,70219,6,New,0.28,6.83
636,52732,5,New,0.21,9.64
711,40255,6,Used,0.27,8.11
601,48013,7,New,0.27,10.25
696,49550,3,Used,0.07,8.22
686,62434,6,New,0.06,8.63
814,36360,4,Used,0.26,6.17
815,33007,5,Used,0.15,6.45
750,33237,5,New,0.11,7.32
673,70887,7,Used,0.1,9.87
619,18362,5,New,0.2,9.53
605,13902,4,New,0.24,9.87
816,29366,7,New,0.07,6.18
658,52908,6,Used,0.27,9.31
789,35084,3,Used,0.15,6.31
736,68257,4,New,0.1,7.2
820,52637,5,New,0.17,5.27
726,68196,5,Used,0.16,7.95
750,34855,3,New,0.28,6.28
821,41627,6,New,0.15,5.95
815,31645,4,New,0.05,5.97
640,60252,7,New,0.28,9.72
614,14849,7,New,0.06,10.54
805,42950,3,New,0.28,5.24
709,22584,3,New,0.21,7.39
713,43592,7,New,0.15,8.94
645,49279,3,New,0.24,8.69
711,70222,5,New,0.24,7.74
745,57546,3,Used,0.24,6.58
726,72479,6,Used,0.1,8.58
792,32004,4,Used,0.17,6.54
829,28177,4,Used,0.13,5.71
800,44954,4,Used,0.11,6.49
667,57905,5,New,0.05,8.93
811,18990,5,Used,0.13,6.47
638,57833,7,New,0.12,9.81
667,37608,3,Used,0.13,9.16
807,38414,3,New,0.26,4.87
816,45059,6,New,0.24,5.87
819,11147,6,New,0.25,6.1
728,14083,5,New,0.16,7.63
712,64247,3,Used,0.13,7.86
777,19680,5,Used,0.2,7.37
821,63708,6,New,0.19,6.14
848,21553,6,Used,0.29,5.44
698,24094,4,Used,0.22,8.6
615,47616,6,New,0.22,9.84
799,33708,5,New,0.18,6.04
709,68607,3,New,0.23,7.17
753,52723,6,New,0.26,7.43
619,43954,5,New,0.28,9.56
640,25215,4,New,0.27,8.77
829,18399,5,New,0.24,5.15
629,32510,6,Used,0.16,10.37
757,20952,3,New,0.28,6.26
602,16773,4,New,0.14,10.07
819,68743,7,Used,0.07,6.81
689,70775,4,New,0.26,8.23
707,63737,5,Used,0.08,8.44
632,32132,4,New,0.21,9.28
640,26059,7,New,0.25,9.8
708,42705,7,Used,0.23,9.0
739,31349,5,New,0.1,7.22
730,32581,5,New,0.08,7.5
804,39870,6,Used,0.16,7.15
742,62529,6,Used,0.06,8.58
703,62376,4,New,0.21,7.67
789,22088,3,Used,0.13,6.89
657,39247,6,New,0.11,9.47
629,71682,3,New,0.27,8.6
814,34574,6,New,0.11,6.32
606,51763,7,Used,0.23,10.97
796,61700,4,New,0.27,6.03
715,19822,6,Used,0.27,8.33
648,50552,3,Used,0.15,9.23
700,35965,7,New,0.27,8.28
649,27604,5,Used,0.06,10.03
680,72022,6,Used,0.22,8.96
717,62501,7,New,0.26,7.86
709,12985,5,New,0.1,7.95
603,45964,5,Used,0.22,10.6
691,12429,4,Used,0.09,8.77
648,60425,7,Used,0.07,10.13
695,38419,4,New,0.07,8.09
632,31680,7,New,0.26,9.79
792,44739,7,New,0.13,6.86
757,38186,3,Used,0.07,7.25
836,11943,7,New,0.16,6.06
752,55246,4,Used,0.22,7.23
837,72584,4,New,0.22,4.87
662,35982,3,Used,0.14,9.32
743,14594,6,New,0.1,7.53
819,33636,5,Used,0.21,6.16
755,46239,3,New,0.23,6.31
707,29276,4,New,0.09,8.27
607,72998,7,Used,0.3,10.48
712,11234,4,Used,0.27,7.96
781,37680,5,New,0.15,6.65
815,54107,5,New,0.15,6.0
842,46751,7,Used,0.15,6.42
698,49858,5,Used,0.14,8.75
773,69672,3,New,0.06,6.23
651,16842,5,New,0.06,9.47
636,29655,6,New,0.28,9.86
749,64026,4,Used,0.17,7.47
679,40350,7,New,0.23,8.87
714,19732,5,New,0.29,7.44
691,68855,4,New,0.14,8.18
848,17046,7,New,0.29,5.84
772,21217,7,Used,0.18,7.81
800,51805,3,New,0.16,5.57
645,28957,5,New,0.09,9.69
781,67797,3,New,0.19,6.04
684,39340,4,New,0.27,7.86
650,20717,3,Used,0.09,9.36
826,49392,7,New,0.29,5.93
611,48969,3,New,0.26,9.02
775,61936,5,New,0.18,6.78
841,41448,7,New,0.19,5.75
743,74772,6,Used,0.26,7.66
810,32588,5,New,0.08,6.47
702,38356,5,New,0.06,8.22
679,73516,7,Used,0.27,9.65
624,46173,4,Used,0.18,9.92
740,32827,5,New,0.18,7.21
603,66015,6,New,0.25,10.17
769,45215,3,Used,0.26,6.72
638,66023,4,New,0.21,9.22
633,65108,3,Used,0.14,9.6
633,18788,7,New,0.18,10.29
756,73379,4,Used,0.22,7.3
786,73453,5,New,0.13,6.68
726,11706,7,Used,0.2,8.19
691,10197,3,New,0.14,8.1
662,58815,7,New,0.22,9.2
696,31588,3,Used,0.2,8.37
669,38018,3,New,0.28,8.02
733,67625,3,Used,0.18,7.57
775,24659,7,New,0.07,6.91
799,53316,7,New,0.11,6.95
843,73310,4,Used,0.1,5.44
644,43806,3,Used,0.14,9.31
638,38232,5,New,0.07,9.67
687,10554,5,New,0.07,8.42
709,56920,3,New,0.1,8.02
633,21942,3,New,0.08,9.15
814,12923,7,Used,0.2,6.79
808,18746,7,New,0.24,6.31
610,17896,4,Used,0.18,10.5
696,32489,5,Used,0.14,8.7
749,53946,3,Used,0.08,6.96
613,67832,3,New,0.25,9.16
738,52749,7,Used,0.27,8.4
677,63432,6,New,0.12,8.95
849,23509,3,New,0.07,4.5
782,12070,7,New,0.28,6.72
603,46072,6,Used,0.26,10.68
809,27155,4,Used,0.16,6.18
619,72712,5,New,0.2,9.82
695,39824,6,Used,0.1,9.06
801,30192,5,Used,0.28,6.29
741,32356,7,New,0.21,7.58
821,25934,7,New,0.25,6.13
731,24923,4,New,0.16,7.2
754,73890,6,New,0.2,7.02
612,69624,3,Used,0.07,10.25
788,45023,4,Used,0.16,6.75
846,49173,6,New,0.27,5.59
759,64721,5,New,0.21,7.2
776,53501,7,New,0.16,7.03
782,23123,6,New,0.26,6.7
624,28975,6,New,0.27,9.63
764,53437,3,Used,0.25,6.35
745,67219,7,New,0.21,8.01
616,61673,4,New,0.19,9.38
732,34129,5,New,0.19,7.57
708,13885,4,New,0.12,7.77
847,42447,4,Used,0.18,5.61
716,43945,7,New,0.16,8.3
756,33834,7,New,0.11,7.42
621,74933,4,Used,0.13,10.54
808,51963,7,New,0.12,6.64
760,34841,3,Used,0.21,7.03
657,61699,5,Used,0.11,9.87
835,67637,3,Used,0.25,5.22
748,49148,4,New,0.26,6.89
813,50151,5,New,0.24,5.67
818,73169,4,New,0.22,5.59
842,23095,4,New,0.29,4.77
611,46542,5,Used,0.14,10.44
625,30955,7,New,0.27,10.04
697,39277,6,New,0.25,8.33
623,42503,7,New,0.21,9.96
626,59195,5,Used,0.15,10.3
839,50169,4,New,0.21,5.2
807,16074,6,Used,0.14,7.29
837,35541,7,New,0.23,6.01
764,71616,3,New,0.19,6.22
787,53728,7,New,0.29,6.52
619,11102,7,New,0.22,10.35
789,12093,4,Used,0.13,6.82
707,23883,5,New,0.25,7.62
715,70996,7,New,0.18,8.56
605,20995,7,Used,0.11,10.84
631,63042,5,New,0.1,9.58
760,31417,3,New,0.06,6.71
825,38515,6,New,0.13,5.91
629,19128,7,Used,0.12,10.57
631,73556,4,Used,0.1,9.98
788,43656,5,Used,0.15,7.3
617,33720,3,Used,0.08,9.7
736,12343,6,New,0.28,7.42
803,17414,7,New,0.07,7.12
723,62955,4,New,0.16,7.81
622,46970,3,Used,0.27,9.59
686,41785,5,Used,0.23,8.85
722,12704,5,New,0.19,7.83
757,32396,7,Used,0.13,8.34
812,13629,4,New,0.27,5.2
713,59159,4,New,0.16,7.59
708,52293,5,New,0.15,7.98
759,15765,5,Used,0.2,7.33
824,73210,6,New,0.12,5.98
707,62457,5,New,0.16,7.9
727,25420,5,New,0.05,8.05
697,34003,3,New,0.18,7.39
611,65959,3,New,0.06,9.64
610,39709,5,Used,0.14,10.63
613,37893,3,New,0.16,9.59
744,39795,5,New,0.15,7.07
819,74802,6,New,0.3,5.89
686,14076,6,New,0.1,8.88
702,48166,7,New,0.17,8.72
657,60506,3,Used,0.26,8.91
624,60845,5,Used,0.11,10.33
725,36492,5,New,0.06,7.7
755,57771,5,Used,0.07,7.73
842,49157,7,New,0.17,6.22
760,53641,6,New,0.08,7.29
794,17060,4,Used,0.08,6.66
724,34666,7,Used,0.29,8.1
619,46198,6,Used,0.23,10.56
793,26798,6,Used,0.29,6.91
831,64404,7,New,0.22,5.98
704,48146,7,New,0.19,8.68
602,69254,3,New,0.23,9.55
709,24630,6,New,0.16,8.45
641,42602,4,Used,0.07,9.83
632,31937,3,New,0.12,9.0
658,63496,5,New,0.11,8.57
648,74549,6,Used,0.07,9.77
626,51963,7,Used,0.15,10.55
656,33618,5,New,0.19,8.54
749,66535,3,New,0.07,6.97
700,43974,5,New,0.22,8.1
723,74002,3,New,0.19,7.28
811,56196,6,New,0.28,6.07
820,30610,3,Used,0.16,5.74
814,23701,4,New,0.08,5.7
704,17695,5,Used,0.17,8.52
708,44219,6,New,0.09,8.73
796,51572,4,Used,0.06,6.74
724,52180,4,New,0.27,7.37
688,39425,7,New,0.16,8.66
648,31614,7,Used,0.18,10.21
715,17308,7,New,0.28,7.82
681,25118,5,New,0.18,8.61
648,55499,3,Used,0.23,9.17
829,49293,5,New,0.1,5.79
818,30436,5,Used,0.28,6.33
811,55111,5,New,0.13,5.87
638,17185,7,New,0.09,10.09
736,42141,3,Used,0.26,7.51
605,54631,3,New,0.11,9.95
680,15025,7,New,0.25,9.07
798,55344,5,New,0.15,6.39
705,71926,7,New,0.16,8.77
762,42240,5,Used,0.13,7.93
732,63960,5,Used,0.17,7.88
733,47095,4,New,0.08,7.39
630,71343,3,New,0.12,9.16
729,72483,5,New,0.12,7.7
763,20459,7,New,0.27,7.27
848,74492,6,New,0.07,5.27
837,17641,6,Used,0.26,6.06
810,34771,6,New,0.16,6.48
738,60344,4,New,0.22,7.2
725,52280,5,Used,0.21,8.15
671,18578,5,Used,0.21,9.14
647,54926,7,Used,0.3,9.82
759,50740,5,New,0.28,6.64
765,12267,3,Used,0.17,6.7
691,27347,6,Used,0.23,9.13
845,65225,3,New,0.22,4.63
712,65106,7,New,0.23,8.32
662,62697,7,New,0.18,9.26
684,61307,6,Used,0.13,9.24
835,15286,3,New,0.15,4.68
728,73995,3,New,0.12,7.18
768,64599,4,New,0.26,6.39
657,35780,6,Used,0.1,9.74
842,55241,6,New,0.28,5.5
730,31053,5,Used,0.28,8.09
783,28394,7,New,0.26,6.86
691,40135,7,New,0.17,9.27
642,13512,7,New,0.3,9.35
673,56562,3,New,0.06,8.19
686,46823,5,New,0.23,8.14
799,41890,6,Used,0.19,6.56
766,13060,4,New,0.06,6.67
843,48830,5,New,0.26,5.05
753,69055,3,Used,0.28,6.93
808,35471,4,New,0.29,5.38
765,26162,3,New,0.09,6.58
614,24391,3,New,0.09,9.18
835,31913,6,New,0.14,5.51
706,46060,5,Used,0.3,8.51
748,68421,4,Used,0.09,7.66
673,73093,6,New,0.28,8.63
642,22348,4,New,0.12,8.94
648,24289,5,New,0.17,9.23
798,33228,4,New,0.14,5.81
819,15534,4,New,0.16,5.29
738,27046,5,New,0.23,7.7
767,24523,4,Used,0.09,7.4
686,42110,6,Used,0.14,9.04
775,24073,4,New,0.19,6.35
725,16654,7,New,0.23,8.06
764,66817,5,Used,0.08,7.56
634,57151,6,New,0.24,9.55
751,67601,7,New,0.29,7.38
805,71632,7,Used,0.1,6.93
817,50232,3,Used,0.17,6.09
605,56875,3,New,0.08,9.73
612,55095,3,New,0.19,9.96
651,15915,6,New,0.2,9.4
750,44956,7,New,0.2,7.76
670,70537,4,New,0.28,8.3
649,43591,5,Used,0.2,9.75
618,68451,6,New,0.1,10.19
726,10888,5,Used,0.17,7.89
792,24563,5,Used,0.26,7.13
746,27927,7,New,0.11,7.91
788,62188,6,Used,0.08,7.51
796,66817,4,New,0.14,6.04
723,12271,5,New,0.15,7.77
637,29282,3,Used,0.19,9.5
818,57712,6,Used,0.27,6.39
672,67467,6,Used,0.17,9.34
745,74541,4,New,0.25,7.04
815,58300,4,New,0.17,5.44
819,43221,3,New,0.12,5.62
637,30571,3,Used,0.18,9.13
774,14446,3,New,0.23,5.85
609,24871,3,New,0.1,9.75
652,42098,6,New,0.08,9.35
669,23000,6,New,0.11,8.83
671,51787,3,New,0.17,8.12
628,18942,4,New,0.09,9.56
723,48647,7,Used,0.16,9.18
803,12729,6,New,0.05,6.79
786,63754,7,New,0.18,7.22
730,26155,3,Used,0.13,7.59
791,14429,3,New,0.24,5.59
745,16350,7,New,0.1,7.56
681,40183,7,New,0.23,8.89
742,22087,7,New,0.07,7.96
803,44449,4,New,0.06,5.38
756,11439,7,New,0.28,7.46
778,72957,5,New,0.17,6.53
836,18491,7,Used,0.07,6.7
739,53689,7,Used,0.06,8.63
796,51772,6,New,0.28,5.69
847,51644,6,Used,0.19,6.05
633,49740,7,Used,0.08,10.84
620,74417,5,Used,0.1,10.14
652,45556,4,New,0.27,8.96
652,15488,7,New,0.07,10.13
793,18984,3,New,0.21,5.41
649,55507,5,Used,0.14,9.41
771,47865,4,Used,0.29,6.86
656,38020,6,New,0.07,9.4
849,71478,4,Used,0.19,5.3
721,32201,6,Used,0.2,9.04
658,32306,6,Used,0.16,9.81
668,10208,3,New,0.24,8.51
636,73848,3,New,0.08,9.14
604,74059,5,New,0.1,10.33
789,30609,7,Used,0.22,7.35
774,27640,4,Used,0.19,7.09
682,34060,4,Used,0.18,9.05
736,34424,6,New,0.22,7.7
834,63672,4,New,0.12,5.31
637,57802,4,New,0.06,9.12
784,72976,7,New,0.14,7.01
785,17685,6,Used,0.27,7.24
734,32154,5,Used,0.09,8.22
752,58470,7,New,0.1,8.01
656,19705,5,Used,0.17,9.46
746,41407,4,New,0.21,6.97
684,52307,6,New,0.09,8.72
606,59573,6,New,0.1,10.79
825,33560,4,New,0.09,5.81
620,68718,7,New,0.29,9.97
750,14072,6,Used,0.28,7.79
786,70051,7,Used,0.28,7.43
640,34614,7,New,0.08,10.32
708,72363,3,New,0.22,7.44
832,68095,7,New,0.14,5.99
601,21123,3,New,0.12,9.77
651,61382,4,Used,0.11,9.51
614,45346,3,New,0.2,9.07
820,28482,3,New,0.25,5.2
631,36269,7,New,0.08,10.26
787,22651,5,Used,0.13,6.97
799,72407,4,Used,0.12,6.52
636,38984,6,Used,0.26,9.88
755,57827,5,New,0.06,7.32
787,17329,7,New,0.3,6.48
680,49334,4,New,0.13,8.41
706,21262,7,Used,0.14,9.17
739,55636,5,New,0.14,7.44
667,49166,3,New,0.25,8.22
747,43711,3,Used,0.13,7.43
728,27154,6,Used,0.16,8.47
721,43148,4,New,0.29,7.12
772,48906,4,New,0.06,6.48
832,29171,5,Used,0.16,6.17
720,55406,6,Used,0.09,8.66
806,62767,7,Used,0.18,7.01
785,38402,5,New,0.18,6.3
679,16239,3,Used,0.26,8.3
733,66308,3,New,0.27,6.84
670,21412,4,New,0.22,8.54
613,52744,5,Used,0.1,10.51
692,64096,3,New,0.07,8.37
786,53896,6,Used,0.24,6.9
623,63120,3,New,0.12,9.3
656,55156,7,New,0.28,9.05
728,43041,5,New,0.07,7.85
817,53466,5,New,0.08,5.63
747,12631,3,Used,0.2,7.26
612,60585,7,New,0.23,10.18
782,25956,6,Used,0.14,7.46
636,59762,5,New,0.28,9.34
751,70800,3,Used,0.05,7.77
789,58361,6,Used,0.17,7.16
665,62810,6,Used,0.19,9.68
690,46286,4,Used,0.1,8.77
650,23690,6,Used,0.06,10.0
673,56620,7,New,0.19,9.19
760,55322,6,Used,0.16,7.6
803,48130,5,Used,0.29,6.2
722,44741,7,Used,0.18,8.5
786,39475,5,New,0.24,6.11
651,18036,6,Used,0.21,10.03
812,26166,7,New,0.29,6.35
790,40558,5,New,0.23,6.33
800,32245,7,New,0.27,6.57
656,53473,3,New,0.29,8.14
724,44856,4,Used,0.13,7.73
834,47502,6,Used,0.21,6.06
604,35719,6,Used,0.16,10.65
656,10875,5,New,0.29,8.98
656,63701,6,Used,0.28,9.79
703,70847,7,New,0.13,8.64
627,12953,6,Used,0.1,10.78
602,66625,4,Used,0.16,10.29
637,44548,6,New,0.2,9.31
669,52678,4,Used,0.21,8.56
826,23126,7,Used,0.28,6.29
631,10964,3,New,0.22,9.25
800,24378,4,New,0.21,5.77
762,56780,5,New,0.07,7.24
600,65511,6,New,0.06,10.36
632,39336,4,New,0.25,9.47
771,17176,3,New,0.28,5.72
668,17407,6,New,0.19,8.67
677,39524,6,New,0.09,8.86
826,24194,7,New,0.08,6.26
631,62486,6,New,0.11,10.45
794,62369,3,Used,0.23,6.04
633,40501,4,New,0.22,9.56
844,64934,4,New,0.29,4.62
606,58545,4,New,0.07,9.62
707,70384,4,Used,0.23,7.93
689,11052,5,Used,0.27,8.59
650,62025,6,New,0.07,9.44
617,42816,4,Used,0.24,10.09
800,23333,3,Used,0.08,6.35
842,70582,7,Used,0.21,6.03
761,62073,6,Used,0.28,7.33
681,33746,3,Used,0.05,8.77
849,32341,3,New,0.1,5.08
811,13958,4,New,0.23,5.4
729,57519,7,Used,0.13,8.76
789,61097,4,New,0.1,6.52
609,27943,5,New,0.11,10.11
761,65408,4,Used,0.12,7.5
617,43823,3,Used,0.09,9.77
686,20877,7,Used,0.22,9.24
671,45923,5,New,0.07,9.0
844,68041,4,New,0.3,4.51
696,21390,5,Used,0.26,8.62
817,31673,4,Used,0.23,5.78
743,47234,4,Used,0.24,7.58
767,21995,5,Used,0.1,7.44
641,61877,7,Used,0.2,10.31
754,51674,7,New,0.28,7.39
805,68910,3,Used,0.26,5.9
768,60786,3,Used,0.25,6.61
626,64752,4,New,0.17,9.17
603,24768,6,New,0.24,9.87
622,62993,6,New,0.09,10.23
751,34487,4,Used,0.06,7.81
649,11580,5,New,0.27,8.85
827,68607,6,Used,0.23,6.43
848,33318,5,Used,0.25,5.15
786,57128,6,New,0.17,6.59
646,17599,5,Used,0.07,9.83
829,69152,4,Used,0.16,6.09
680,32923,7,New,0.08,9.39
824,65597,6,Used,0.17,6.43
696,59370,4,New,0.26,7.78
790,22964,3,New,0.26,5.47
787,29769,3,Used,0.08,6.36
680,13478,4,New,0.17,8.37
733,14029,5,Used,0.25,7.96
691,41215,6,New,0.27,8.07
643,59462,5,Used,0.27,9.51
749,47948,3,New,0.13,7.03
621,14862,6,New,0.25,9.51
769,72824,5,New,0.19,6.66
697,48500,7,New,0.27,8.73
782,52316,3,New,0.27,5.98
659,12335,6,Used,0.18,9.29
684,12641,7,New,0.06,9.14
602,67815,3,Used,0.24,9.96
777,14789,7,New,0.29,6.83
605,21007,3,Used,0.06,10.52
757,67981,3,New,0.05,6.95
711,67747,4,New,0.21,7.53
643,74362,4,New,0.18,9.09
668,49312,6,New,0.26,8.65
626,47041,6,Used,0.12,10.59
760,45171,6,Used,0.06,7.86
695,57419,6,New,0.29,8.13
711,21733,6,New,0.2,8.35
654,44118,6,Used,0.27,9.91
741,56622,4,New,0.27,6.57
783,55919,3,New,0.19,5.93
615,49730,6,Used,0.24,10.18
787,60610,7,Used,0.18,7.8
809,20159,7,New,0.21,6.07
787,62609,5,Used,0.08,7.02
631,52018,6,Used,0.1,10.07
767,68977,7,New,0.16,7.37
757,55819,3,New,0.05,6.79
707,55911,6,New,0.29,8.2
845,54571,3,Used,0.13,5.05
732,27544,7,New,0.11,8.24
651,55278,7,New,0.06,9.64
656,45672,7,Used,0.25,9.92
746,14964,4,New,0.18,7.06
699,39719,6,New,0.27,8.33
637,24257,5,New,0.18,9.17
838,51282,3,New,0.1,4.98
808,62031,5,Used,0.28,6.17
637,10478,6,New,0.17,9.37
666,70427,7,New,0.19,9.09
604,10213,4,Used,0.23,10.16
842,25345,7,New,0.13,5.8
844,28367,3,New,0.29,4.65
658,37928,6,New,0.15,9.08
814,39975,6,Used,0.23,6.52
759,17089,4,New,0.19,6.92
835,67375,7,Used,0.09,6.58
756,19446,5,New,0.21,7.19
835,50660,6,New,0.24,6.09
760,65168,5,Used,0.3,7.05
764,63151,5,Used,0.21,7.19
832,46416,4,Used,0.24,5.76
846,45930,7,New,0.3,5.33
671,53895,6,New,0.25,8.9
633,67346,7,Used,0.1,10.34
780,50649,3,New,0.23,5.75
701,64073,5,New,0.17,8.12
602,66051,4,New,0.25,9.48
635,53053,4,New,0.05,9.55
632,36356,3,New,0.24,8.95
832,49918,5,New,0.1,5.34
726,30520,6,Used,0.05,8.55
740,68420,6,New,0.17,8.0
699,44919,4,Used,0.22,8.38
699,33775,5,New,0.1,8.19
679,30623,5,Used,0.21,8.8
822,16921,5,New,0.25,5.48
762,16801,6,New,0.29,6.98
659,47445,6,New,0.27,9.11
709,50924,5,New,0.29,7.97
679,73785,3,New,0.11,8.32
826,57609,6,Used,0.23,5.89
829,64537,7,New,0.13,6.35
601,50262,5,Used,0.24,10.29
783,26631,3,New,0.1,6.0
792,23594,6,Used,0.21,6.89
768,49388,7,New,0.11,7.65
658,22345,5,Used,0.29,9.56
764,44497,3,Used,0.17,6.92
723,54285,6,New,0.13,7.9
797,53156,3,New,0.21,5.28
642,28996,5,Used,0.05,10.12
717,71322,5,New,0.15,7.86
840,54747,6,New,0.13,5.42
702,60628,7,Used,0.16,9.16
702,61535,5,New,0.24,7.98
665,36258,5,New,0.18,8.75
627,41705,5,New,0.22,9.32
736,13879,5,New,0.24,7.27
604,63985,7,Used,0.16,10.85
719,61397,3,Used,0.13,7.51
780,55865,3,New,0.1,5.97
724,37706,6,New,0.25,7.81
840,33040,6,Used,0.21,5.85
783,28926,4,Used,0.06,7.15
641,16452,3,Used,0.26,9.19
840,53239,6,New,0.13,5.28
747,72414,7,Used,0.28,8.07
788,19026,5,Used,0.24,6.73
713,63047,5,Used,0.2,8.32
650,18742,7,Used,0.12,10.02
659,70963,4,Used,0.21,9.24
762,42093,3,Used,0.21,6.84
769,71896,7,Used,0.18,7.9
611,46705,7,New,0.11,10.76
823,68093,6,Used,0.29,6.35
847,60645,4,Used,0.28,5.16
643,74481,7,New,0.26,9.3
708,56346,4,New,0.08,8.15
733,20063,5,Used,0.12,8.23
704,70912,5,New,0.12,8.15
771,13852,4,Used,0.06,7.28
765,66246,4,Used,0.16,7.13
706,50479,5,New,0.19,7.99
657,17311,5,Used,0.13,9.23
784,40970,6,Used,0.28,7.05
843,67971,7,Used,0.11,6.22
622,17081,5,Used,0.12,10.53
849,59139,6,New,0.16,5.15
635,73796,7,New,0.2,9.66
747,24330,5,New,0.23,7.54
717,57407,5,New,0.14,7.68
799,25157,7,New,0.11,6.97
680,60994,5,Used,0.24,8.6
805,25076,4,New,0.28,5.35
796,43933,7,New,0.26,6.67
662,22881,6,New,0.12,9.4
625,35122,6,Used,0.08,10.32
750,16404,6,New,0.07,7.54
609,37055,7,Used,0.2,10.9
766,16899,3,New,0.25,5.64
810,68698,3,New,0.27,5.14
823,11393,6,Used,0.28,5.97
665,63209,5,Used,0.28,9.03
802,44197,5,New,0.28,5.81
762,39917,5,New,0.25,6.71
669,45738,5,New,0.11,9.3
679,68650,4,New,0.23,8.13
606,72953,6,Used,0.14,10.65
699,48965,6,New,0.3,8.31
834,35587,3,New,0.27,4.66
788,38596,6,New,0.24,6.45
808,33306,5,Used,0.18,6.35
688,54022,4,New,0.11,8.3
681,32714,6,Used,0.28,9.19
668,14490,3,Used,0.21,8.88
802,62269,7,New,0.09,6.92
675,51133,7,New,0.22,9.33
790,35175,7,New,0.25,6.63
689,35321,3,Used,0.16,8.9
730,39057,4,New,0.05,7.51
681,15170,3,New,0.1,8.32
776,58269,7,New,0.14,7.27
693,66900,3,Used,0.2,7.98
727,46503,7,Used,0.07,8.92
787,27650,5,New,0.18,6.61
725,12202,7,Used,0.27,8.56
703,60512,4,Used,0.09,8.57
602,15506,5,New,0.16,10.16
605,65266,5,New,0.26,9.86
694,53985,3,New,0.08,8.14
811,14445,3,Used,0.19,5.93
808,44306,7,Used,0.08,7.34
787,71401,7,New,0.12,7.24
796,53412,7,Used,0.2,7.36
732,19125,6,New,0.24,7.95
689,56672,6,Used,0.29,8.74
611,39105,7,New,0.22,10.17
774,55581,7,Used,0.23,7.74
801,21734,4,Used,0.15,6.27
719,60752,4,Used,0.11,8.44
752,57872,5,New,0.24,7.13
821,20600,5,New,0.2,5.78
713,70346,5,Used,0.3,8.03
638,43434,3,New,0.17,8.64
707,44560,5,Used,0.26,8.4
642,13242,7,New,0.19,10.02
656,32719,7,New,0.29,9.04
696,68578,5,Used,0.11,9.07
736,19024,4,New,0.17,7.21
632,70670,6,Used,0.18,10.13
605,45138,4,New,0.07,10.21
833,28110,4,New,0.15,5.24
821,72092,7,New,0.14,6.08
690,51432,5,Used,0.15,8.72
844,61849,5,Used,0.24,5.5
727,71047,6,Used,0.2,8.04
774,20032,5,New,0.28,6.13
673,24567,6,New,0.09,9.49
611,20606,6,New,0.06,10.21
687,46865,3,Used,0.16,8.64
647,25550,3,New,0.27,8.7
772,37986,3,Used,0.13,6.69
776,33152,6,New,0.21,6.7
767,10747,7,Used,0.27,7.61
617,33691,6,New,0.14,10.03
611,23753,3,New,0.06,9.63
752,49125,6,Used,0.13,8.02
843,29018,7,Used,0.05,6.61
847,59345,5,New,0.29,5.04
803,34868,4,New,0.13,5.99
819,28764,3,Used,0.24,5.67
759,62764,7,New,0.2,7.43
821,12491,7,New,0.21,5.98
839,74970,5,New,0.08,5.25
600,20618,6,New,0.1,10.57
731,28866,5,New,0.18,7.3
840,65470,3,New,0.07,5.19
776,13737,5,New,0.19,6.47
601,16056,5,New,0.1,10.18
624,60396,6,New,0.25,9.7
784,66519,7,Used,0.2,7.31
696,32017,7,New,0.09,8.44
694,63050,7,New,0.28,8.06
801,65923,5,New,0.24,5.83
683,56931,7,New,0.29,8.45
681,67814,6,Used,0.08,9.33
641,15559,5,New,0.08,9.21
677,11521,6,New,0.19,8.99
747,43812,4,New,0.06,7.25
716,56815,7,New,0.23,8.12
825,24844,5,Used,0.23,5.66
785,35194,5,Used,0.26,6.68
844,38145,3,New,0.25,4.4
744,17591,6,Used,0.25,8.03
684,16559,6,Used,0.22,9.02
709,19299,3,New,0.06,7.5
725,69935,6,New,0.28,7.98
846,74260,5,New,0.08,5.56
776,53380,3,Used,0.13,6.5
833,43070,3,Used,0.07,5.73
688,15415,6,New,0.09,9.12
747,58722,4,New,0.16,6.87
680,14549,3,New,0.1,7.99
795,55744,4,Used,0.1,6.84
759,32506,7,New,0.07,7.79
728,42874,3,New,0.19,7.39
806,41535,3,Used,0.06,6.09
701,20081,6,New,0.19,8.11
666,13368,7,New,0.21,9.04
839,58545,4,New,0.18,5.16
648,64465,4,New,0.29,8.55
749,44026,5,New,0.11,7.21
782,21246,5,Used,0.23,7.02
831,74087,6,Used,0.18,6.58
702,42750,7,Used,0.25,9.2
784,51525,3,Used,0.05,6.91
683,17716,3,Used,0.1,8.69
758,24295,5,New,0.18,6.77
711,21113,6,New,0.19,7.87
661,19378,7,New,0.09,9.92
654,32775,6,Used,0.18,10.26
656,73300,6,New,0.09,9.35
840,10323,3,Used,0.14,5.22
779,60814,3,Used,0.17,6.44
786,40463,6,Used,0.11,7.57
693,29992,4,New,0.15,8.01
786,70364,4,New,0.24,6.26
618,57929,5,New,0.12,10.01
831,60224,7,Used,0.22,6.87
623,36773,7,New,0.16,10.3
809,30125,7,New,0.15,6.37
692,14821,7,New,0.25,8.85
679,13419,7,New,0.24,9.16
815,25876,7,New,0.09,6.77
783,13005,4,Used,0.26,6.61
763,18478,5,Used,0.28,7.03
627,34527,5,Used,0.17,10.29
784,74812,5,New,0.12,6.21
713,21643,3,Used,0.27,7.54
723,34342,4,Used,0.19,7.95
850,22882,4,New,0.18,4.94
775,39586,3,New,0.28,5.39
729,12213,3,Used,0.08,7.69
801,54705,7,New,0.06,7.05
637,47980,5,New,0.07,9.49
665,20661,6,New,0.07,9.03
818,41526,5,Used,0.08,6.57
757,45189,7,Used,0.24,7.93
638,60230,3,New,0.09,9.14
736,62339,3,New,0.06,7.38
696,22832,5,New,0.18,7.91
717,20326,3,Used,0.1,7.94
762,28474,4,Used,0.15,7.12
843,73722,7,New,0.14,6.17
797,68070,6,Used,0.08,7.12
767,69561,7,New,0.15,7.31
813,36925,7,New,0.24,6.29
753,52883,7,New,0.29,7.06
690,23073,7,New,0.21,8.64
779,12688,4,Used,0.27,6.85
706,10773,5,New,0.19,7.67
645,58034,5,New,0.16,9.19
811,29506,7,New,0.18,6.22
640,21104,3,New,0.29,8.84
801,10868,7,New,0.12,6.72
649,38560,4,Used,0.12,9.74
834,22260,4,New,0.23,5.14
721,30935,7,New,0.06,8.53
689,51087,7,Used,0.14,9.41
847,54788,7,New,0.24,5.74
828,69342,4,New,0.18,5.28
770,56384,7,Used,0.22,7.44
673,36525,6,New,0.29,8.51
664,68826,6,New,0.15,9.29
749,23238,4,New,0.28,6.67
819,74436,5,Used,0.17,6.44
803,11264,7,Used,0.11,7.27
801,16231,6,New,0.2,6.56
740,42267,3,New,0.09,6.89
751,19025,5,Used,0.14,7.79
844,46628,5,New,0.25,4.96
627,73505,4,New,0.27,9.62
747,18855,5,New,0.25,6.7
730,69395,7,Used,0.09,8.44
707,44392,7,Used,0.06,9.02
697,71293,3,Used,0.18,8.22
810,34832,6,New,0.07,6.09
832,40015,5,Used,0.18,6.49
613,35634,4,New,0.1,10.02
765,20845,6,New,0.21,6.99
685,47798,7,Used,0.21,9.42
757,25998,6,New,0.21,7.15
685,43842,5,Used,0.2,9.05
712,45112,7,Used,0.19,9.08
815,49134,3,Used,0.27,5.79
679,61573,6,New,0.26,8.67
643,41772,5,New,0.13,9.41
640,38366,6,Used,0.23,9.9
769,63612,5,Used,0.3,6.96
794,45340,7,New,0.22,6.6
846,62373,6,New,0.17,5.34
823,65977,3,New,0.07,5.43
614,57309,6,New,0.28,10.14
601,56222,6,Used,0.08,11.03
613,17525,5,Used,0.28,10.16
724,60930,3,Used,0.25,7.32
772,64836,4,Used,0.11,7.27
717,68229,3,New,0.12,7.97
845,44994,6,Used,0.23,5.84
765,47809,5,New,0.11,7.03
797,60369,5,New,0.27,6.19
617,21578,6,New,0.09,10.64
668,27281,7,New,0.18,8.63
644,47018,5,New,0.08,9.28
815,58834,5,Used,0.06,7.01
684,44122,7,Used,0.27,9.48
663,64495,7,New,0.29,8.91
634,21896,7,Used,0.26,10.53
824,35592,4,Used,0.1,5.97
634,64817,5,Used,0.28,9.78
655,68259,6,Used,0.19,10.11
671,28197,5,Used,0.19,9.18
780,43849,5,New,0.29,6.52
720,19838,7,New,0.07,8.24
693,65950,3,New,0.14,8.12
676,54556,5,New,0.27,8.45
642,41477,5,Used,0.21,9.9
723,38293,3,Used,0.1,7.76
787,73554,3,New,0.23,5.73
677,33113,6,New,0.07,8.89
601,14252,6,Used,0.14,11.1
636,64558,7,Used,0.09,10.23
840,32864,4,New,0.06,5.18
627,51122,7,Used,0.18,10.84
763,38220,4,New,0.21,6.39
842,33955,7,New,0.1,5.87
769,38794,6,Used,0.29,7.13
725,36196,4,Used,0.21,8.0
842,69130,7,Used,0.06,6.49
692,15002,7,New,0.18,8.46
621,52525,4,New,0.19,9.51
606,21406,6,New,0.11,10.27
712,39375,7,New,0.14,8.28
801,44398,3,New,0.18,5.46
656,56709,4,Used,0.13,9.44
809,71936,4,Used,0.26,6.15
727,49783,5,New,0.07,8.14
826,42294,5,Used,0.24,6.48
605,45382,7,Used,0.06,11.45
795,61133,6,New,0.3,6.53
691,32637,3,New,0.18,7.58
722,68661,5,New,0.16,7.77
748,70223,3,New,0.12,6.96
819,13474,6,New,0.13,6.11
764,17569,6,New,0.15,7.24
762,27602,4,New,0.24,6.59
769,12514,6,Used,0.1,7.61
784,61231,6,New,0.24,6.34
831,67557,7,Used,0.06,6.8
660,62290,5,New,0.1,9.66
731,25199,7,New,0.13,8.08
751,38115,3,Used,0.17,7.23
725,41550,5,New,0.11,8.07
705,65520,7,Used,0.21,8.92
739,65741,4,Used,0.2,7.61
760,67152,3,Used,0.07,7.1
742,33330,5,New,0.27,7.36
676,64488,7,Used,0.12,9.56
616,69616,3,Used,0.19,10.11
654,26271,3,New,0.15,8.75
796,21031,6,Used,0.19,7.0
670,40371,3,New,0.22,8.14
812,51063,5,New,0.24,5.86
771,61257,6,New,0.13,7.2
720,66385,5,Used,0.15,8.27
714,56804,3,New,0.23,7.17
638,69431,5,New,0.26,8.97
697,36717,3,New,0.24,7.63
763,21529,6,Used,0.09,7.74
779,10279,5,New,0.2,6.31
700,12291,4,New,0.27,7.61
649,29997,4,Used,0.28,9.22
670,42990,3,New,0.23,7.96
850,20459,3,New,0.28,4.1
675,43662,4,Used,0.18,8.38
677,54018,4,New,0.05,8.78
620,29282,3,New,0.15,9.49
700,39071,3,Used,0.15,8.26
779,74705,3,New,0.27,6.02
715,71750,7,Used,0.29,8.54
660,25958,7,New,0.22,9.37
730,33613,5,Used,0.13,8.27
765,64320,3,New,0.17,6.49
827,63692,4,New,0.23,5.06
738,41706,7,New,0.09,8.45
696,29806,4,Used,0.19,8.53
836,41527,6,New,0.22,5.44
699,58888,6,Used,0.21,9.07
770,40473,3,Used,0.18,6.71
726,58791,4,New,0.18,7.55
702,48509,5,New,0.1,8.54
678,68166,3,Used,0.19,8.7
800,67046,4,New,0.26,5.92
841,40616,6,Used,0.28,5.68
640,59780,7,New,0.14,9.8
820,66605,4,New,0.13,5.39
781,30398,3,New,0.16,6.25
692,46377,5,Used,0.19,9.07
657,16593,6,Used,0.12,10.22
793,72624,6,New,0.23,6.72
778,23422,6,New,0.07,6.87
670,14325,7,Used,0.25,10.04
705,42086,6,Used,0.23,8.96
647,21196,5,New,0.24,9.02
753,74322,5,Used,0.19,7.78
619,24386,4,Used,0.06,10.27
827,66941,3,Used,0.24,5.07
639,71206,7,New,0.2,9.92
724,12589,4,Used,0.17,8.16
833,56729,6,Used,0.19,6.33
725,44912,5,New,0.16,7.81
831,43035,4,New,0.19,5.17
709,22610,6,New,0.15,8.3
605,27693,4,New,0.06,9.95
788,59266,4,New,0.27,5.86
697,14700,6,New,0.14,8.71
844,26949,5,New,0.13,5.4
650,26988,5,New,0.14,9.23
788,57139,3,New,0.12,6.19
751,74932,5,New,0.16,7.29
799,27300,6,New,0.19,6.52
688,11462,4,New,0.1,8.36
743,22328,3,New,0.23,6.15
691,11355,7,New,0.15,8.96
663,48875,7,New,0.2,9.18
849,14588,4,Used,0.22,5.25
839,29701,4,Used,0.19,5.9
681,40947,3,New,0.17,8.15
644,20748,7,New,0.16,9.59
745,19129,6,New,0.15,7.27
715,63184,3,Used,0.24,7.74
764,16855,4,Used,0.24,7.03
738,50030,6,New,0.05,7.98
694,59763,6,Used,0.18,8.65
801,55528,6,Used,0.09,6.88
681,39533,6,Used,0.25,9.27
802,54194,4,Used,0.07,6.49
803,55555,4,Used,0.19,6.13
723,60758,7,New,0.12,8.56
771,32156,7,Used,0.2,7.29
793,59088,6,New,0.24,6.52
667,41819,5,New,0.11,8.78
761,53845,3,Used,0.18,7.16
612,44463,5,New,0.23,9.96
659,66039,6,New,0.1,9.46
743,40816,6,New,0.2,7.26
646,38796,3,New,0.11,9.12
707,25217,7,New,0.12,8.73
729,38647,5,New,0.13,7.14
704,46875,4,Used,0.11,8.35
828,45472,7,Used,0.22,6.33
716,21891,5,New,0.14,7.62
836,20825,5,New,0.3,5.34
746,26181,4,New,0.07,7.21
707,62512,3,New,0.17,7.61
634,69250,6,Used,0.2,10.17
704,12417,7,New,0.21,8.39
732,46193,4,New,0.18,7.12
621,46418,5,Used,0.16,10.32
653,45042,4,New,0.13,8.97
797,15376,6,New,0.15,5.91
635,35438,4,Used,0.13,9.6
833,23536,6,New,0.15,5.86
767,39826,4,Used,0.07,7.1
617,24045,6,New,0.12,10.36
610,55661,7,New,0.29,10.29
700,26009,5,New,0.16,8.3
736,62750,6,Used,0.22,8.07
803,66338,3,Used,0.26,5.74
691,32986,5,Used,0.14,8.64
658,62637,4,New,0.08,9.3
792,52749,3,New,0.09,6.23
722,41957,4,New,0.17,7.43
837,11020,4,Used,0.15,5.41
771,67432,4,New,0.08,6.39
717,41055,7,Used,0.15,8.82
804,49106,6,New,0.06,6.55
706,13907,5,Used,0.26,8.9
641,63503,5,New,0.06,9.45
745,24741,5,New,0.09,7.13
817,40144,7,Used,0.27,6.75
840,45484,7,Used,0.06,6.63
774,42679,3,New,0.06,6.59
620,19340,7,Used,0.11,11.06
771,67352,7,Used,0.09,7.71
699,73518,4,Used,0.06,8.69
607,18476,4,New,0.11,9.47
832,24277,4,New,0.19,5.36
691,74423,5,New,0.12,8.62
770,68927,6,New,0.23,7.0
789,23547,5,New,0.19,6.31
834,48020,7,New,0.15,5.92
720,45256,6,New,0.07,8.31
749,24399,3,New,0.11,6.65
839,42220,7,Used,0.29,6.3
623,47751,7,Used,0.25,10.61
827,41103,5,Used,0.14,5.88
752,49136,6,New,0.22,7.04
635,74832,5,Used,0.17,9.6
763,57977,5,Used,0.13,7.21
710,13532,4,Used,0.14,8.28
754,45377,4,Used,0.18,7.26
690,43770,7,Used,0.26,9.0
622,57295,6,New,0.06,10.27
771,39141,4,Used,0.22,6.84
636,73823,7,Used,0.2,10.37
787,14078,5,New,0.29,6.05
746,33336,3,New,0.1,7.04
631,55590,6,New,0.24,9.42
821,45131,7,New,0.06,6.21
754,23274,7,Used,0.15,8.15
694,60997,3,New,0.16,7.89
747,38161,6,New,0.21,7.54
759,12956,6,Used,0.11,7.83
827,74064,4,New,0.07,6.04
600,38286,6,Used,0.18,11.12
807,37666,6,New,0.29,6.31
656,45266,7,Used,0.21,9.64
734,23157,4,New,0.09,7.22
619,27872,6,New,0.09,10.29
718,39236,7,New,0.06,8.58
835,26160,4,Used,0.1,5.73
796,29971,6,Used,0.08,6.74
831,16012,3,Used,0.27,5.28
770,46892,5,Used,0.2,7.12
628,35866,4,Used,0.17,9.39
728,42345,7,New,0.26,7.84
844,28362,5,New,0.19,5.53
719,28508,4,New,0.18,7.62
783,63223,6,New,0.18,6.38
650,61049,3,New,0.19,8.87
773,17856,3,Used,0.23,6.3
631,41263,4,New,0.29,9.16
688,38460,3,Used,0.08,8.83
617,28691,3,New,0.18,9.48
741,45396,6,New,0.19,7.76
782,24095,6,Used,0.27,6.98
761,49789,6,New,0.06,7.8
793,73680,4,New,0.25,5.99
681,70571,5,New,0.12,8.44
626,12690,6,Used,0.24,9.82
748,26838,5,Used,0.11,7.81
777,64838,6,New,0.19,7.11
687,45460,6,Used,0.06,9.29
746,43925,3,Used,0.2,6.73
759,41831,6,New,0.2,7.18
841,66379,5,Used,0.25,5.51
763,65915,5,Used,0.29,7.49
792,11386,5,New,0.29,5.96
640,27674,4,Used,0.24,9.41
723,13883,4,New,0.16,7.56
621,73970,4,Used,0.22,9.69
824,72539,4,New,0.22,5.07
799,54186,3,Used,0.27,6.02
651,64639,6,New,0.19,9.02
660,69026,7,Used,0.16,9.9
724,67350,7,New,0.2,7.85
604,39168,6,Used,0.07,11.08
838,32274,5,New,0.1,5.41
707,22623,7,New,0.19,8.29
712,13746,6,New,0.1,8.6
645,58262,3,Used,0.25,9.15
663,28758,4,New,0.3,7.86
706,53988,5,New,0.22,7.91
647,48928,7,New,0.3,9.52
682,41716,5,New,0.05,8.68
809,41986,5,Used,0.06,7.01
752,38842,5,New,0.22,7.1
846,25394,4,New,0.19,5.14
763,26814,6,Used,0.27,7.68
648,66157,4,Used,0.05,9.89
649,16213,3,Used,0.24,8.84
793,23934,4,New,0.24,5.93
645,28736,7,New,0.25,9.58
767,36089,7,New,0.12,7.48
757,42346,4,New,0.09,6.45
605,44709,5,New,0.1,9.91
817,11425,5,Used,0.18,6.37
639,58978,7,New,0.09,10.39
762,11523,3,Used,0.17,7.17
762,15920,3,New,0.23,6.13
764,66476,5,Used,0.29,6.95
819,43699,5,New,0.08,6.29
682,56202,6,New,0.3,8.31
604,16225,5,New,0.27,9.84
805,16090,3,New,0.26,5.26
765,64060,6,Used,0.26,7.31
623,46804,7,New,0.25,10.0
640,29550,4,New,0.23,9.03
663,45377,3,Used,0.11,8.93
693,40696,4,New,0.07,8.04
687,23788,7,New,0.3,8.74
709,29250,4,New,0.2,7.61
835,29055,3,New,0.17,5.0
624,63844,6,Used,0.1,10.55
713,32880,7,Used,0.3,8.52
639,59004,5,New,0.22,8.84
802,26501,6,Used,0.06,7.07
726,22688,7,Used,0.3,8.34
849,40264,3,Used,0.14,5.55
635,39376,3,New,0.05,9.46
690,14548,3,New,0.11,7.73
656,24540,7,Used,0.07,10.25
615,47351,7,Used,0.21,10.9
703,38923,3,New,0.27,7.4
622,17734,7,New,0.07,10.38
767,13819,3,Used,0.13,7.1
785,68876,3,New,0.1,6.65
726,35493,5,New,0.16,7.69
664,74861,5,New,0.23,8.67
844,60312,7,New,0.2,5.73
760,47320,4,New,0.26,6.23
670,12641,7,Used,0.22,9.93
770,43430,7,New,0.12,7.15
770,27173,6,New,0.24,7.09
633,66571,7,New,0.14,9.83
635,40064,4,Used,0.3,9.53
600,34132,7,Used,0.16,11.37
715,31873,4,Used,0.26,7.9
634,13339,4,New,0.15,9.31
674,57082,7,New,0.16,9.1
799,54159,3,Used,0.06,6.21
717,51191,7,New,0.24,8.3
784,29042,6,Used,0.24,7.2
814,47406,5,Used,0.2,5.99
625,34900,3,New,0.1,9.22
652,29070,4,New,0.13,8.88
656,48393,5,Used,0.16,9.53
790,12756,5,Used,0.13,6.58
840,51820,6,New,0.29,5.36
731,44385,7,New,0.29,7.85
753,53030,4,New,0.23,7.1
805,20253,5,New,0.18,6.12
763,36118,6,New,0.17,7.09
624,31085,3,New,0.22,8.97
675,28737,7,Used,0.22,9.76
698,17572,5,Used,0.23,9.2
730,20246,3,Used,0.09,7.94
765,67918,6,New,0.29,7.22
645,11127,7,New,0.1,10.1
708,69520,6,New,0.17,8.13
629,31990,3,New,0.06,9.25
620,72929,7,Used,0.18,11.14
754,55838,7,Used,0.29,7.8
850,22612,6,New,0.14,5.64
678,72261,5,New,0.13,8.41
712,37658,6,New,0.09,8.15
640,41286,6,New,0.3,9.52
842,39119,7,New,0.1,6.02
618,51145,6,Used,0.25,10.56
640,71182,4,New,0.07,8.81
684,30194,4,New,0.18,7.94
759,61077,7,New,0.12,7.83
671,45009,3,Used,0.22,8.39
722,20586,3,Used,0.19,7.58
689,30815,6,Used,0.23,8.95
723,59820,5,Used,0.21,7.96
728,39235,6,New,0.11,7.83
650,12213,4,New,0.15,8.79
633,68619,5,New,0.09,9.85
710,50412,4,New,0.24,7.58
838,43321,5,Used,0.22,5.85
836,33291,4,Used,0.14,5.83
769,58310,3,New,0.1,6.59
777,74997,3,New,0.14,6.43
676,31084,7,New,0.29,8.92
660,35052,7,Used,0.12,10.03
600,32067,3,New,0.05,10.19
616,48422,5,Used,0.26,10.34
615,69200,5,New,0.09,10.11
696,68995,6,Used,0.05,9.24
637,15967,4,New,0.16,9.42
839,59724,4,New,0.11,5.48
816,27484,6,New,0.28,5.89
638,44489,3,Used,0.22,9.26
846,38791,4,New,0.1,4.96
629,50210,3,New,0.1,9.26
828,62547,3,New,0.14,5.17
745,20218,6,Used,0.07,8.08
804,17754,6,Used,0.06,6.99
677,65837,4,New,0.15,8.55
633,64625,6,Used,0.18,9.73
601,15907,6,New,0.11,10.59
797,59088,3,New,0.11,5.9
696,21168,6,New,0.25,8.37
654,11853,3,Used,0.3,8.78
633,70225,3,New,0.15,8.83
660,35646,6,New,0.25,9.05
824,37335,3,New,0.23,4.96
839,62300,3,New,0.17,5.04
757,19898,4,New,0.21,6.75
787,24005,5,New,0.1,6.23
631,49548,3,Used,0.22,9.77
821,58403,5,Used,0.12,6.08
662,23407,6,Used,0.06,10.03
732,18775,4,Used,0.25,7.75
785,74181,6,Used,0.12,7.14
844,13892,5,Used,0.18,5.78
831,42090,4,Used,0.25,5.91
804,17758,3,Used,0.22,6.34
641,67936,3,Used,0.3,8.79
708,43232,6,New,0.26,8.03
702,51189,7,New,0.24,8.21
791,57121,3,New,0.14,6.14
708,51054,5,New,0.25,7.61
756,63272,5,Used,0.15,8.08
786,62843,7,Used,0.17,7.1
655,33442,5,Used,0.15,9.9
795,43813,4,New,0.07,6.33
752,16020,7,Used,0.09,7.89
620,55157,7,New,0.12,10.33
611,39302,7,New,0.14,10.69
749,65704,3,New,0.1,6.9
845,13442,5,New,0.26,5.03
699,16455,6,New,0.18,8.43
768,23457,5,New,0.06,7.17
670,63815,5,Used,0.09,9.33
669,33357,7,New,0.15,9.11
764,28869,5,Used,0.16,7.41
701,28880,4,New,0.28,7.48
652,26686,3,Used,0.27,9.03
603,53435,7,New,0.09,10.86
834,13910,7,New,0.09,5.98
809,68608,7,Used,0.16,6.61
832,23740,4,New,0.09,5.36
685,65950,3,New,0.09,7.8
768,15789,3,Used,0.16,6.88
601,47233,7,New,0.19,10.52
748,18253,5,Used,0.1,7.5
701,28795,5,Used,0.3,8.16
817,37580,5,New,0.17,6.01
724,67050,7,New,0.28,8.22
679,71108,3,New,0.08,8.41
642,28299,3,New,0.13,8.86
735,67051,7,Used,0.06,8.75
677,14001,3,Used,0.28,8.33
768,68892,7,New,0.08,7.65
817,11642,6,New,0.12,6.17
741,29666,5,Used,0.08,7.71
704,32789,5,New,0.17,7.99
847,55445,4,Used,0.18,5.52
813,58495,3,Used,0.21,5.95
788,10688,5,New,0.19,6.4
649,59612,7,New,0.12,9.66
768,51808,3,Used,0.2,6.95
845,64257,5,New,0.26,4.8
712,56900,4,Used,0.07,8.69
818,19361,6,New,0.29,5.96
751,47503,3,New,0.19,6.84
656,58992,5,New,0.21,8.8
701,15417,3,Used,0.19,8.18
740,45448,3,Used,0.23,7.43
628,25444,6,Used,0.09,10.51
655,70826,4,New,0.16,8.64
787,36553,5,New,0.09,6.41
749,39814,6,New,0.3,6.8
691,41947,5,Used,0.3,8.44
791,15928,3,New,0.17,6.03
748,61608,7,New,0.23,7.34
766,64277,6,New,0.07,7.37
813,13130,7,New,0.13,6.58
643,58044,7,New,0.19,9.59
640,44945,5,New,0.21,9.3
614,53382,7,New,0.22,10.35
825,71635,7,New,0.28,5.76
705,63801,4,New,0.12,7.46
796,56302,4,New,0.09,6.23
805,20800,5,New,0.09,6.33
810,18340,5,New,0.23,5.85
713,17137,3,New,0.17,7.37
835,12609,3,New,0.22,5.16
831,37950,7,Used,0.13,6.49
818,54592,5,New,0.09,5.9
798,35030,3,New,0.08,5.81
705,52897,6,Used,0.2,8.79
631,55080,3,New,0.17,9.01
604,20034,3,New,0.09,9.54
835,16114,3,New,0.1,5.27
836,50241,3,New,0.18,4.82
810,64502,6,New,0.25,5.94
636,44026,6,New,0.11,9.72
609,66120,5,Used,0.28,10.45
806,69697,4,New,0.22,5.92
758,26655,4,New,0.12,6.51
663,23935,7,Used,0.06,10.16
751,33467,3,Used,0.15,7.44
658,63662,7,Used,0.08,10.09
784,59736,4,New,0.15,6.38
708,21993,6,New,0.07,8.45
644,59104,7,New,0.27,9.63
727,71185,7,Used,0.18,8.5
691,35901,5,New,0.25,8.17
705,40275,5,New,0.26,8.1
646,35976,4,New,0.21,9.13
829,26592,6,Used,0.05,6.68
669,70687,5,New,0.16,8.88
831,18180,5,New,0.29,5.14
815,60545,6,Used,0.23,6.22
650,15347,3,Used,0.09,9.0
807,27084,4,Used,0.22,6.21
708,55364,5,New,0.11,7.87
743,26806,7,New,0.11,7.93
749,11570,3,New,0.07,6.58
684,46288,4,New,0.18,8.33
672,25578,6,Used,0.25,9.18
697,22380,6,New,0.07,8.82
624,53033,5,New,0.11,9.62
648,45569,3,Used,0.21,9.21
728,58519,3,New,0.25,6.96
801,48349,6,New,0.2,6.11
697,47455,6,New,0.3,7.94
804,17991,4,New,0.16,5.91
602,36068,4,New,0.28,9.59
642,22199,4,Used,0.05,10.01
823,48627,7,Used,0.26,6.74
836,56059,7,New,0.19,5.57
797,30316,6,New,0.29,6.53
741,12761,6,New,0.24,7.41
795,14042,6,New,0.2,6.63
660,53960,3,Used,0.12,8.92
830,30562,7,New,0.18,5.63
728,42609,4,New,0.24,6.66
655,68979,6,New,0.13,9.48
792,58016,5,Used,0.19,6.83
781,66708,7,New,0.11,7.26
619,41144,7,New,0.12,10.61
698,18919,4,New,0.11,8.51
832,35625,6,Used,0.09,6.41
710,49840,5,New,0.2,7.64
725,56386,5,Used,0.19,8.22
808,36283,5,New,0.08,6.12
717,59990,6,New,0.28,7.86
690,25971,6,New,0.3,7.86
792,40463,5,New,0.13,5.99
844,36807,5,Used,0.28,5.17
675,29948,7,New,0.08,9.15
778,30848,5,Used,0.16,6.93
778,55665,7,New,0.14,6.87
692,54293,7,Used,0.22,9.03
822,38955,6,New,0.28,5.77
613,74529,5,New,0.27,9.68
729,20500,7,Used,0.13,8.55
760,17041,5,New,0.19,7.27
603,37552,3,Used,0.24,10.3
764,15811,5,Used,0.14,7.05
709,11931,3,Used,0.15,8.24
616,58762,3,New,0.24,9.17
794,27028,4,New,0.13,5.66
638,27435,3,New,0.22,8.89
729,50736,5,Used,0.22,8.25
678,71613,4,New,0.15,8.15
602,73728,3,Used,0.19,10.35
642,70857,7,New,0.17,9.76
731,33215,4,New,0.25,7.14
729,41175,4,New,0.3,6.93
618,33683,7,Used,0.06,11.2
715,66247,7,Used,0.23,8.66
815,57569,6,Used,0.28,6.41
775,67682,7,New,0.25,7.2
807,60542,4,New,0.24,5.94
720,18696,5,Used,0.2,8.49
718,21714,6,Used,0.23,8.28
824,49647,3,New,0.3,5.02
770,14179,3,Used,0.3,6.69
833,41011,7,New,0.14,6.17
649,50355,6,Used,0.16,10.0
636,22496,4,Used,0.21,9.62
647,67718,4,New,0.1,9.27
762,67433,4,New,0.15,6.72
679,46379,3,New,0.22,7.71
624,42425,4,Used,0.06,10.08
748,40122,6,New,0.22,7.65
721,74741,7,New,0.1,8.58
664,32451,3,Used,0.27,8.65
606,55111,4,New,0.19,9.79
637,36156,6,New,0.15,9.7
712,40575,4,Used,0.26,7.5
689,31629,6,Used,0.2,9.01
715,37121,4,New,0.2,7.44
792,26250,4,New,0.12,5.93
671,34730,5,Used,0.19,9.17
651,59587,7,Used,0.11,10.29
804,70985,6,Used,0.17,7.2
748,45619,7,Used,0.13,8.52
791,11660,3,New,0.09,5.74
651,28064,6,New,0.25,9.35
622,42941,3,New,0.14,9.34
680,42721,4,Used,0.07,9.26
664,60006,7,New,0.2,9.11
653,21603,3,New,0.26,8.31
750,68284,6,Used,0.15,7.99
762,29912,5,New,0.06,7.31
660,65363,7,New,0.16,9.42
734,54125,4,Used,0.21,7.34
701,64913,5,Used,0.24,8.54
655,23944,4,Used,0.25,9.29
675,56902,6,New,0.28,8.55
676,73911,5,New,0.21,8.45
843,50446,7,New,0.12,5.53
744,29851,6,New,0.15,7.53
621,56993,3,New,0.06,9.32
838,58677,6,New,0.16,5.61
757,34529,7,New,0.15,7.4
672,45681,3,New,0.13,8.46
774,44959,4,Used,0.24,6.71
845,49642,3,New,0.26,4.36
686,30965,3,New,0.11,7.99
797,60044,4,Used,0.14,6.75
764,34873,4,Used,0.11,6.97
691,64705,6,Used,0.19,9.0
759,61821,5,Used,0.25,7.34
657,50903,5,Used,0.27,9.32
687,30479,3,Used,0.09,8.82
763,50933,4,Used,0.21,7.22
824,28419,5,New,0.23,5.45
772,61970,7,Used,0.24,7.35
710,30736,3,New,0.17,7.15
712,42898,3,New,0.05,8.0
850,24433,6,Used,0.25,5.53
721,40639,6,Used,0.14,8.61
814,46909,5,Used,0.15,6.42
646,71162,6,New,0.19,9.37
780,61850,6,Used,0.14,7.23
841,30716,4,New,0.11,5.17
672,31559,6,Used,0.12,10.0
700,38605,7,New,0.24,8.52
760,45003,6,Used,0.06,7.95
844,30414,5,New,0.05,5.7
775,42430,3,Used,0.24,6.65
835,47720,3,New,0.17,5.02
678,39142,7,New,0.18,9.04
695,30219,4,New,0.19,8.07
824,54999,6,New,0.12,5.75
611,26605,6,New,0.1,10.58
686,51046,6,Used,0.15,9.62
675,26413,5,New,0.07,9.02
736,28176,4,New,0.15,7.0
849,46710,3,Used,0.19,4.95
811,36217,5,New,0.06,6.22
610,19526,3,Used,0.28,9.93
726,46263,5,Used,0.29,8.01
653,34988,4,Used,0.22,9.34
617,44016,5,Used,0.1,10.49
661,53044,3,Used,0.25,8.8
745,12823,5,New,0.21,6.96
777,44687,7,Used,0.16,7.82
759,20136,6,New,0.2,7.31
614,33359,5,New,0.25,9.77
727,72351,5,Used,0.19,8.26
650,46077,4,New,0.22,8.74
754,21267,7,New,0.17,7.15
826,52637,4,Used,0.28,5.85
764,22688,7,Used,0.19,7.87
697,42445,3,Used,0.12,8.33
760,17769,6,New,0.25,7.02
708,29138,6,New,0.26,8.11
768,26379,4,New,0.11,6.59
620,52499,7,New,0.22,10.12
741,59559,4,New,0.19,7.32
678,42987,6,New,0.12,9.13
666,16342,6,Used,0.29,9.8
680,35556,6,Used,0.23,9.32
645,60794,4,Used,0.23,9.25
621,66616,7,Used,0.24,10.49
814,69739,4,Used,0.12,6.26
641,23412,4,New,0.17,9.01
688,48713,5,New,0.29,8.04
666,39998,4,Used,0.24,9.23
626,62965,7,New,0.1,10.15
714,66674,3,Used,0.25,7.7
620,34551,5,New,0.29,9.46
748,61934,3,New,0.18,6.58
818,62432,6,New,0.25,6.03
760,17737,3,New,0.05,6.66
771,11401,6,Used,0.1,7.65
807,54243,4,New,0.3,5.43
752,14047,4,New,0.25,6.85
689,17487,3,New,0.19,8.06
739,63782,4,Used,0.2,7.49
776,70217,7,Used,0.28,7.58
771,64139,3,New,0.15,6.53
641,66911,6,New,0.16,9.44
674,58568,5,New,0.13,8.57
727,40793,3,New,0.2,6.94
737,54942,4,New,0.09,7.4
619,69526,3,New,0.26,8.99
704,38977,4,New,0.09,7.87
699,57812,3,New,0.11,7.73
675,36930,6,New,0.15,9.1
746,27870,3,Used,0.2,7.12
